{
    "freeze_account": {
        "threshold": 0.14,
        "f1_score": 0.9997795868414764
    },
    "routing": {
        "threshold": 0.08,
        "f1_score": 1.0
    },
    "pin_change": {
        "threshold": 0.04,
        "f1_score": 0.9997795868414764
    },
    "bill_due": {
        "threshold": 0.14,
        "f1_score": 0.9993159012929843
    },
    "pay_bill": {
        "threshold": 0.1,
        "f1_score": 0.9989151574247244
    },
    "account_blocked": {
        "threshold": 0.14,
        "f1_score": 0.9981591276940114
    },
    "interest_rate": {
        "threshold": 0.18,
        "f1_score": 0.999547942423331
    },
    "min_payment": {
        "threshold": 0.08,
        "f1_score": 1.0
    },
    "bill_balance": {
        "threshold": 0.13,
        "f1_score": 0.997868706913459
    },
    "transfer": {
        "threshold": 0.11,
        "f1_score": 0.9997759069657521
    },
    "order_checks": {
        "threshold": 0.08,
        "f1_score": 1.0
    },
    "balance": {
        "threshold": 0.15,
        "f1_score": 0.9983423275993569
    },
    "spending_history": {
        "threshold": 0.11,
        "f1_score": 0.9989313130443516
    },
    "transactions": {
        "threshold": 0.07,
        "f1_score": 0.9981591276940114
    },
    "report_fraud": {
        "threshold": 0.09,
        "f1_score": 0.9984571078903336
    },
    "banking": {
        "threshold": 0.27,
        "f1_score": 0.9932932192547576
    },
    "replacement_card_duration": {
        "threshold": 0.08,
        "f1_score": 0.9988795348287614
    },
    "expiration_date": {
        "threshold": 0.14,
        "f1_score": 0.9991253485781381
    },
    "damaged_card": {
        "threshold": 0.14,
        "f1_score": 0.9997795868414764
    },
    "improve_credit_score": {
        "threshold": 0.11,
        "f1_score": 0.9993387605244287
    },
    "report_lost_card": {
        "threshold": 0.19,
        "f1_score": 0.999095884846662
    },
    "card_declined": {
        "threshold": 0.05,
        "f1_score": 0.9995626742890691
    },
    "credit_limit_change": {
        "threshold": 0.15,
        "f1_score": 0.9997795868414764
    },
    "apr": {
        "threshold": 0.06,
        "f1_score": 0.9997795868414764
    },
    "redeem_rewards": {
        "threshold": 0.14,
        "f1_score": 0.9991111111111111
    },
    "credit_limit": {
        "threshold": 0.11,
        "f1_score": 0.9997795868414764
    },
    "rewards_balance": {
        "threshold": 0.14,
        "f1_score": 0.9980763634798332
    },
    "application_status": {
        "threshold": 0.1,
        "f1_score": 0.9995626742890691
    },
    "credit_score": {
        "threshold": 0.14,
        "f1_score": 0.999547942423331
    },
    "new_card": {
        "threshold": 0.11,
        "f1_score": 0.9993277208972566
    },
    "international_fees": {
        "threshold": 0.1,
        "f1_score": 1.0
    },
    "credit_cards": {
        "threshold": 0.27,
        "f1_score": 0.9973437625892544
    },
    "food_last": {
        "threshold": 0.09,
        "f1_score": 0.999547942423331
    },
    "confirm_reservation": {
        "threshold": 0.11,
        "f1_score": 0.9991111111111111
    },
    "how_busy": {
        "threshold": 0.07,
        "f1_score": 0.9984313487602657
    },
    "ingredients_list": {
        "threshold": 0.15,
        "f1_score": 0.9986193457705087
    },
    "calories": {
        "threshold": 0.08,
        "f1_score": 1.0
    },
    "nutrition_info": {
        "threshold": 0.15,
        "f1_score": 1.0
    },
    "recipe": {
        "threshold": 0.17,
        "f1_score": 0.9982506971562761
    },
    "restaurant_reviews": {
        "threshold": 0.09,
        "f1_score": 0.9986438272699929
    },
    "restaurant_reservation": {
        "threshold": 0.14,
        "f1_score": 0.9993277208972566
    },
    "meal_suggestion": {
        "threshold": 0.17,
        "f1_score": 0.9979096498805834
    },
    "restaurant_suggestion": {
        "threshold": 0.14,
        "f1_score": 0.9997759069657521
    },
    "cancel_reservation": {
        "threshold": 0.14,
        "f1_score": 1.0
    },
    "ingredient_substitution": {
        "threshold": 0.08,
        "f1_score": 1.0
    },
    "cook_time": {
        "threshold": 0.22,
        "f1_score": 0.9993159012929843
    },
    "accept_reservations": {
        "threshold": 0.2,
        "f1_score": 0.9991111111111111
    },
    "kitchen_and_dining": {
        "threshold": 0.27,
        "f1_score": 0.9968733288075479
    },
    "what_song": {
        "threshold": 0.14,
        "f1_score": 0.9995555555555555
    },
    "play_music": {
        "threshold": 0.14,
        "f1_score": 0.997445127631824
    },
    "todo_list_update": {
        "threshold": 0.14,
        "f1_score": 0.9982506971562761
    },
    "reminder": {
        "threshold": 0.16,
        "f1_score": 0.9993277208972566
    },
    "reminder_update": {
        "threshold": 0.1,
        "f1_score": 0.9980162815732863
    },
    "calendar_update": {
        "threshold": 0.19,
        "f1_score": 0.9983423275993569
    },
    "order_status": {
        "threshold": 0.16,
        "f1_score": 0.9997759069657521
    },
    "update_playlist": {
        "threshold": 0.13,
        "f1_score": 0.9997795868414764
    },
    "shopping_list": {
        "threshold": 0.18,
        "f1_score": 0.997282681143064
    },
    "calendar": {
        "threshold": 0.08,
        "f1_score": 0.9974536499989825
    },
    "next_song": {
        "threshold": 0.1,
        "f1_score": 0.9997759069657521
    },
    "order": {
        "threshold": 0.1,
        "f1_score": 0.9964478448557649
    },
    "todo_list": {
        "threshold": 0.19,
        "f1_score": 0.9985930397198004
    },
    "shopping_list_update": {
        "threshold": 0.23,
        "f1_score": 0.9975754552562389
    },
    "smart_home": {
        "threshold": 0.09,
        "f1_score": 0.9997759069657521
    },
    "home": {
        "threshold": 0.19,
        "f1_score": 0.9944250686264936
    },
    "current_location": {
        "threshold": 0.19,
        "f1_score": 0.9995555555555555
    },
    "oil_change_when": {
        "threshold": 0.18,
        "f1_score": 0.999095884846662
    },
    "oil_change_how": {
        "threshold": 0.22,
        "f1_score": 0.9997795868414764
    },
    "uber": {
        "threshold": 0.05,
        "f1_score": 1.0
    },
    "traffic": {
        "threshold": 0.07,
        "f1_score": 1.0
    },
    "tire_pressure": {
        "threshold": 0.13,
        "f1_score": 1.0
    },
    "schedule_maintenance": {
        "threshold": 0.08,
        "f1_score": 0.9995626742890691
    },
    "gas": {
        "threshold": 0.14,
        "f1_score": 0.9993159012929843
    },
    "mpg": {
        "threshold": 0.14,
        "f1_score": 1.0
    },
    "distance": {
        "threshold": 0.08,
        "f1_score": 0.9981591276940114
    },
    "directions": {
        "threshold": 0.11,
        "f1_score": 0.9993387605244287
    },
    "last_maintenance": {
        "threshold": 0.15,
        "f1_score": 1.0
    },
    "gas_type": {
        "threshold": 0.15,
        "f1_score": 0.9997759069657521
    },
    "tire_change": {
        "threshold": 0.14,
        "f1_score": 1.0
    },
    "jump_start": {
        "threshold": 0.03,
        "f1_score": 1.0
    },
    "auto_and_commute": {
        "threshold": 0.25,
        "f1_score": 0.9968764725532664
    },
    "plug_type": {
        "threshold": 0.05,
        "f1_score": 0.9997759069657521
    },
    "travel_notification": {
        "threshold": 0.09,
        "f1_score": 1.0
    },
    "translate": {
        "threshold": 0.11,
        "f1_score": 1.0
    },
    "flight_status": {
        "threshold": 0.13,
        "f1_score": 0.9995555555555555
    },
    "international_visa": {
        "threshold": 0.19,
        "f1_score": 1.0
    },
    "timezone": {
        "threshold": 0.29,
        "f1_score": 0.9991253485781381
    },
    "exchange_rate": {
        "threshold": 0.07,